id,timestamp,reason
202719601,2026-01-15 14:46:32,HTTP 404
252177965,2026-01-15 14:46:32,HTTP 404
154530131,2026-01-15 14:46:32,HTTP 404
215162868,2026-01-15 14:46:32,HTTP 404
214841295,2026-01-15 14:46:32,HTTP 404
253041020,2026-01-15 14:46:32,HTTP 404
251921456,2026-01-15 14:46:32,HTTP 404
260640691,2026-01-15 14:46:51,HTTP 404
151420912,2026-01-15 14:46:51,HTTP 404
197329296,2026-01-15 14:46:51,HTTP 404
93830430,2026-01-15 15:21:34,HTTP 404
257925319,2026-01-15 15:21:34,HTTP 404
65030450,2026-01-15 15:21:34,HTTP 404
248884068,2026-01-15 15:21:34,HTTP 404
151611805,2026-01-15 15:21:34,HTTP 404
37961414,2026-01-15 15:21:53,HTTP 404
135420749,2026-01-15 15:21:53,HTTP 404
129422185,2026-01-15 15:21:53,HTTP 404
140843602,2026-01-15 15:21:53,HTTP 404
164422143,2026-01-15 15:21:53,HTTP 404
139222915,2026-01-15 15:22:13,HTTP 404
173394039,2026-01-15 15:22:13,HTTP 404
149655340,2026-01-15 15:22:13,HTTP 404
138771951,2026-01-15 15:22:32,HTTP 404
149688054,2026-01-15 15:22:32,HTTP 404
252279274,2026-01-15 15:22:52,HTTP 404
45832109,2026-01-15 15:22:52,HTTP 404
202957538,2026-01-15 15:22:52,HTTP 404
140331433,2026-01-15 15:22:52,HTTP 404
196047374,2026-01-15 15:23:11,HTTP 404
253193479,2026-01-15 15:23:31,HTTP 404
215102092,2026-01-15 15:23:31,HTTP 404
262483955,2026-01-15 15:23:31,HTTP 404
153877097,2026-01-15 15:23:31,HTTP 404
262482056,2026-01-15 15:23:31,HTTP 404
249684546,2026-01-15 15:23:31,HTTP 404
252887336,2026-01-15 15:23:31,HTTP 404
58868537,2026-01-15 15:23:31,HTTP 404
162217485,2026-01-15 15:23:50,HTTP 404
140938704,2026-01-15 15:24:11,HTTP 404
202785989,2026-01-15 15:24:11,HTTP 404
196175015,2026-01-15 15:24:30,HTTP 404
94674261,2026-01-15 15:24:30,HTTP 404
199108529,2026-01-15 15:24:30,HTTP 404
121230789,2026-01-15 15:24:30,HTTP 404
206304007,2026-01-15 15:24:50,HTTP 404
142244882,2026-01-15 15:24:50,HTTP 404
163544064,2026-01-15 15:24:50,HTTP 404
143862733,2026-01-15 15:24:50,HTTP 404
182558581,2026-01-15 15:25:09,HTTP 404
153406988,2026-01-15 15:25:09,HTTP 404
108969972,2026-01-15 15:25:09,HTTP 404
261863126,2026-01-15 15:25:47,HTTP 404
220677670,2026-01-15 15:25:47,HTTP 404
127120439,2026-01-15 15:25:47,HTTP 404
254124238,2026-01-15 15:25:47,HTTP 404
112251572,2026-01-15 15:25:47,HTTP 404
188483021,2026-01-15 15:25:47,HTTP 404
151609552,2026-01-15 15:25:47,HTTP 404
6528635,2026-01-15 15:25:47,HTTP 404
163661104,2026-01-15 15:25:47,HTTP 404
249872266,2026-01-15 15:25:47,HTTP 404
263655215,2026-01-15 15:26:07,HTTP 404
248602817,2026-01-15 15:26:07,HTTP 404
143678907,2026-01-15 15:26:07,HTTP 404
161633134,2026-01-15 15:26:07,HTTP 404
263047165,2026-01-15 15:26:07,HTTP 404
195340442,2026-01-15 15:26:07,HTTP 404
145767068,2026-01-15 15:26:26,HTTP 404
171469688,2026-01-15 15:26:26,HTTP 404
204848036,2026-01-15 15:26:26,HTTP 404
204916486,2026-01-15 15:26:26,HTTP 404
252305297,2026-01-15 15:26:26,HTTP 404
137954520,2026-01-15 15:26:26,HTTP 404
249910780,2026-01-15 15:26:26,HTTP 404
204916367,2026-01-15 15:26:26,HTTP 404
196056201,2026-01-15 15:26:26,HTTP 404
181994711,2026-01-15 15:26:26,HTTP 404
145767211,2026-01-15 15:26:45,HTTP 404
193686267,2026-01-15 15:26:45,HTTP 404
204915674,2026-01-15 15:26:45,HTTP 404
263645476,2026-01-15 15:26:45,HTTP 404
195896134,2026-01-15 15:26:45,HTTP 404
160219833,2026-01-15 15:26:45,HTTP 404
41578973,2026-01-15 15:26:45,HTTP 404
102112558,2026-01-15 15:26:45,HTTP 404
222704385,2026-01-15 15:26:45,HTTP 404
261839476,2026-01-15 15:26:45,HTTP 404
253063948,2026-01-15 15:26:45,HTTP 404
261798479,2026-01-15 15:26:45,HTTP 404
206308313,2026-01-15 15:27:04,HTTP 404
109491618,2026-01-15 15:27:23,HTTP 404
2386945,2026-01-15 15:27:23,HTTP 404
204065025,2026-01-15 15:27:23,HTTP 404
203960914,2026-01-15 15:27:23,HTTP 404
203960841,2026-01-15 15:27:42,HTTP 404
127537280,2026-01-15 15:27:42,HTTP 404
204064868,2026-01-15 15:27:42,HTTP 404
204658727,2026-01-15 15:27:42,HTTP 404
159947187,2026-01-15 15:27:42,HTTP 404
204064908,2026-01-15 15:27:42,HTTP 404
190824033,2026-01-15 15:27:42,HTTP 404
127531945,2026-01-15 15:27:42,HTTP 404
55886475,2026-01-15 15:27:42,HTTP 404
193767656,2026-01-15 15:28:01,HTTP 404
108358268,2026-01-15 15:28:39,HTTP 404
213832232,2026-01-15 15:28:39,HTTP 404
104908913,2026-01-15 15:28:39,HTTP 404
115196180,2026-01-15 15:28:39,HTTP 404
204411026,2026-01-15 15:28:39,HTTP 404
107219238,2026-01-15 15:28:39,HTTP 404
113887120,2026-01-15 15:28:39,HTTP 404
204411091,2026-01-15 15:28:39,HTTP 404
115667335,2026-01-15 15:28:39,HTTP 404
100319951,2026-01-15 15:28:39,HTTP 404
225210590,2026-01-15 15:28:58,HTTP 404
107195032,2026-01-15 15:28:58,HTTP 404
225210603,2026-01-15 15:29:17,HTTP 404
108055389,2026-01-15 15:29:17,HTTP 404
40184664,2026-01-15 15:29:17,HTTP 404
213845334,2026-01-15 15:29:17,HTTP 404
242502865,2026-01-15 15:29:17,HTTP 404
251550541,2026-01-15 15:29:17,HTTP 404
228988486,2026-01-15 15:29:17,HTTP 404
127113936,2026-01-15 15:29:37,HTTP 404
197856197,2026-01-15 15:29:37,HTTP 404
127097023,2026-01-15 15:29:37,HTTP 404
242075879,2026-01-15 15:29:37,HTTP 404
251265495,2026-01-15 15:29:37,HTTP 404
247666472,2026-01-15 15:29:37,HTTP 404
251536700,2026-01-15 15:29:37,HTTP 404
248644380,2026-01-15 15:29:37,HTTP 404
204411099,2026-01-15 15:29:37,HTTP 404
251265271,2026-01-15 15:29:37,HTTP 404
248353725,2026-01-15 15:29:37,HTTP 404
251265358,2026-01-15 15:29:37,HTTP 404
247249283,2026-01-15 15:29:37,HTTP 404
228987720,2026-01-15 15:29:37,HTTP 404
251536737,2026-01-15 15:29:37,HTTP 404
197366896,2026-01-15 15:29:37,HTTP 404
251265500,2026-01-15 15:29:37,HTTP 404
251265414,2026-01-15 15:29:37,HTTP 404
251267028,2026-01-15 15:29:37,HTTP 404
251265341,2026-01-15 15:29:37,HTTP 404
251265476,2026-01-15 15:29:37,HTTP 404
247247956,2026-01-15 15:29:37,HTTP 404
251536998,2026-01-15 15:29:37,HTTP 404
251267048,2026-01-15 15:29:37,HTTP 404
251265507,2026-01-15 15:29:37,HTTP 404
251265281,2026-01-15 15:29:37,HTTP 404
127528127,2026-01-15 15:29:37,HTTP 404
251265309,2026-01-15 15:29:56,HTTP 404
251265412,2026-01-15 15:29:56,HTTP 404
251265261,2026-01-15 15:29:56,HTTP 404
251536661,2026-01-15 15:29:56,HTTP 404
127114141,2026-01-15 15:29:56,HTTP 404
262818198,2026-01-15 15:29:56,HTTP 404
251536679,2026-01-15 15:29:56,HTTP 404
247238593,2026-01-15 15:29:56,HTTP 404
248638676,2026-01-15 15:29:56,HTTP 404
251536925,2026-01-15 15:29:56,HTTP 404
251265337,2026-01-15 15:29:56,HTTP 404
251265401,2026-01-15 15:29:56,HTTP 404
251262923,2026-01-15 15:29:56,HTTP 404
251265307,2026-01-15 15:29:56,HTTP 404
247238807,2026-01-15 15:29:56,HTTP 404
251536707,2026-01-15 15:29:56,HTTP 404
251536952,2026-01-15 15:29:56,HTTP 404
251537022,2026-01-15 15:29:56,HTTP 404
251267032,2026-01-15 15:29:56,HTTP 404
171133579,2026-01-15 15:29:56,HTTP 404
251536923,2026-01-15 15:29:56,HTTP 404
225209672,2026-01-15 15:29:56,HTTP 404
228989781,2026-01-15 15:29:56,HTTP 404
242504261,2026-01-15 15:30:16,HTTP 404
107278644,2026-01-15 15:30:16,HTTP 404
115677940,2026-01-15 15:30:39,HTTP 404
201121651,2026-01-15 15:30:39,HTTP 404
262787489,2026-01-15 15:30:39,HTTP 404
107975641,2026-01-15 15:30:39,HTTP 404
203960672,2026-01-15 15:30:58,HTTP 404
242200601,2026-01-15 15:30:58,HTTP 404
108324598,2026-01-15 15:30:58,HTTP 404
217332235,2026-01-15 15:30:58,HTTP 404
195107194,2026-01-15 15:30:58,HTTP 404
9803081,2026-01-15 15:31:18,'NoneType' object is not iterable
252912036,2026-01-15 15:31:18,HTTP 404
203958134,2026-01-15 15:31:18,HTTP 404
171104261,2026-01-15 15:31:18,HTTP 404
220741858,2026-01-15 15:31:37,HTTP 404
248215260,2026-01-15 15:31:37,HTTP 404
195940874,2026-01-15 15:31:37,HTTP 404
199144320,2026-01-15 15:31:37,HTTP 404
212251398,2026-01-15 15:31:37,HTTP 404
183034117,2026-01-15 15:31:37,HTTP 404
207749479,2026-01-15 15:31:37,HTTP 404
209378834,2026-01-15 15:31:37,HTTP 404
203999095,2026-01-15 15:31:37,HTTP 404
210757803,2026-01-15 15:31:37,HTTP 404
215129611,2026-01-15 15:31:37,HTTP 404
212479761,2026-01-15 15:31:37,HTTP 404
206781406,2026-01-15 15:31:37,HTTP 404
212252157,2026-01-15 15:31:37,HTTP 404
192259825,2026-01-15 15:31:37,HTTP 404
226562217,2026-01-15 15:31:37,HTTP 404
203999080,2026-01-15 15:31:37,HTTP 404
210761027,2026-01-15 15:31:37,HTTP 404
203982877,2026-01-15 15:31:37,HTTP 404
205113157,2026-01-15 15:31:37,HTTP 404
212211925,2026-01-15 15:31:37,HTTP 404
215738858,2026-01-15 15:31:37,HTTP 404
209908633,2026-01-15 15:31:37,HTTP 404
205298840,2026-01-15 15:31:37,HTTP 404
212251743,2026-01-15 15:31:37,HTTP 404
239142056,2026-01-15 15:31:37,HTTP 404
208748014,2026-01-15 15:31:37,HTTP 404
176508941,2026-01-15 15:31:37,HTTP 404
249173735,2026-01-15 15:31:37,HTTP 404
215129265,2026-01-15 15:31:37,HTTP 404
215129312,2026-01-15 15:31:37,HTTP 404
207285065,2026-01-15 15:31:37,HTTP 404
114572662,2026-01-15 15:31:37,HTTP 404
207256868,2026-01-15 15:31:37,HTTP 404
210132074,2026-01-15 15:31:37,HTTP 404
212251999,2026-01-15 15:31:37,HTTP 404
215129353,2026-01-15 15:31:37,HTTP 404
262346337,2026-01-15 15:31:37,HTTP 404
206781402,2026-01-15 15:31:37,HTTP 404
206835104,2026-01-15 15:31:37,HTTP 404
251772966,2026-01-15 15:31:37,HTTP 404
215129295,2026-01-15 15:31:37,HTTP 404
215129445,2026-01-15 15:31:37,HTTP 404
215129477,2026-01-15 15:31:37,HTTP 404
215129541,2026-01-15 15:31:37,HTTP 404
212479704,2026-01-15 15:31:37,HTTP 404
206713368,2026-01-15 15:31:37,HTTP 404
206553948,2026-01-15 15:31:37,HTTP 404
212251981,2026-01-15 15:31:37,HTTP 404
198817566,2026-01-15 15:31:37,HTTP 404
215129534,2026-01-15 15:31:37,HTTP 404
193530878,2026-01-15 15:31:37,HTTP 404
175150254,2026-01-15 15:31:37,HTTP 404
215129516,2026-01-15 15:31:37,HTTP 404
207397535,2026-01-15 15:31:37,HTTP 404
206147748,2026-01-15 15:31:37,HTTP 404
207281745,2026-01-15 15:31:37,HTTP 404
204437685,2026-01-15 15:31:37,HTTP 404
215129627,2026-01-15 15:31:37,HTTP 404
201610324,2026-01-15 15:31:37,HTTP 404
225249714,2026-01-15 15:31:37,HTTP 404
206987457,2026-01-15 15:31:37,HTTP 404
205829661,2026-01-15 15:31:37,HTTP 404
215129641,2026-01-15 15:31:37,HTTP 404
212211917,2026-01-15 15:31:37,HTTP 404
206984985,2026-01-15 15:31:37,HTTP 404
207271258,2026-01-15 15:31:37,HTTP 404
203998915,2026-01-15 15:31:37,HTTP 404
205829900,2026-01-15 15:31:37,HTTP 404
207289508,2026-01-15 15:31:37,HTTP 404
215129592,2026-01-15 15:31:37,HTTP 404
243245471,2026-01-15 15:31:37,HTTP 404
201610378,2026-01-15 15:31:37,HTTP 404
209377538,2026-01-15 15:31:37,HTTP 404
215129358,2026-01-15 15:31:37,HTTP 404
237819237,2026-01-15 15:31:37,HTTP 404
175150267,2026-01-15 15:31:37,HTTP 404
136699272,2026-01-15 15:31:37,HTTP 404
202784251,2026-01-15 15:31:37,HTTP 404
215129303,2026-01-15 15:31:37,HTTP 404
202784158,2026-01-15 15:31:37,HTTP 404
214692301,2026-01-15 15:31:37,HTTP 404
207268453,2026-01-15 15:31:37,HTTP 404
207194970,2026-01-15 15:31:37,HTTP 404
212479746,2026-01-15 15:31:37,HTTP 404
204430928,2026-01-15 15:31:56,HTTP 404
205115266,2026-01-15 15:31:56,HTTP 404
205116826,2026-01-15 15:31:56,HTTP 404
210758473,2026-01-15 15:31:56,HTTP 404
204429541,2026-01-15 15:31:56,HTTP 404
212479743,2026-01-15 15:31:56,HTTP 404
206987459,2026-01-15 15:31:56,HTTP 404
205829906,2026-01-15 15:31:56,HTTP 404
114572377,2026-01-15 15:31:56,HTTP 404
215129375,2026-01-15 15:31:56,HTTP 404
206781415,2026-01-15 15:31:56,HTTP 404
206914169,2026-01-15 15:31:56,HTTP 404
203960964,2026-01-15 15:31:56,HTTP 404
209908200,2026-01-15 15:31:56,HTTP 404
216935800,2026-01-15 15:31:56,HTTP 404
205297523,2026-01-15 15:31:56,HTTP 404
205829904,2026-01-15 15:31:56,HTTP 404
215723322,2026-01-15 15:31:56,HTTP 404
215183756,2026-01-15 15:31:56,HTTP 404
212252183,2026-01-15 15:31:56,HTTP 404
206553980,2026-01-15 15:31:56,HTTP 404
212251749,2026-01-15 15:31:56,HTTP 404
207876075,2026-01-15 15:31:56,HTTP 404
260807619,2026-01-15 15:31:56,HTTP 404
260807322,2026-01-15 15:31:56,HTTP 404
203999042,2026-01-15 15:31:56,HTTP 404
165015382,2026-01-15 15:31:56,HTTP 404
202784240,2026-01-15 15:31:56,HTTP 404
215129617,2026-01-15 15:31:56,HTTP 404
262830165,2026-01-15 15:31:56,HTTP 404
215129479,2026-01-15 15:31:56,HTTP 404
215129351,2026-01-15 15:31:56,HTTP 404
215129650,2026-01-15 15:31:56,HTTP 404
208748025,2026-01-15 15:31:56,HTTP 404
248113986,2026-01-15 15:31:56,HTTP 404
206553941,2026-01-15 15:31:56,HTTP 404
207997494,2026-01-15 15:31:56,HTTP 404
202784229,2026-01-15 15:31:56,HTTP 404
204049817,2026-01-15 15:31:56,HTTP 404
222655805,2026-01-15 15:31:56,HTTP 404
200935495,2026-01-15 15:31:56,HTTP 404
204064755,2026-01-15 15:31:56,HTTP 404
204064846,2026-01-15 15:31:56,HTTP 404
215129437,2026-01-15 15:31:56,HTTP 404
207255107,2026-01-15 15:31:56,HTTP 404
208071217,2026-01-15 15:31:56,HTTP 404
202784196,2026-01-15 15:31:56,HTTP 404
202784141,2026-01-15 15:31:56,HTTP 404
215129560,2026-01-15 15:31:56,HTTP 404
215129524,2026-01-15 15:31:56,HTTP 404
215129548,2026-01-15 15:31:56,HTTP 404
193531063,2026-01-15 15:31:56,HTTP 404
116106095,2026-01-15 15:31:56,HTTP 404
150252282,2026-01-15 15:31:56,HTTP 404
171185793,2026-01-15 15:31:56,HTTP 404
207749486,2026-01-15 15:31:56,HTTP 404
169341198,2026-01-15 15:31:56,HTTP 404
215129302,2026-01-15 15:31:56,HTTP 404
208062183,2026-01-15 15:31:56,HTTP 404
206987830,2026-01-15 15:31:56,HTTP 404
203960952,2026-01-15 15:31:56,HTTP 404
203960697,2026-01-15 15:31:56,HTTP 404
215129393,2026-01-15 15:31:56,HTTP 404
202724634,2026-01-15 15:31:56,HTTP 404
247449409,2026-01-15 15:31:56,HTTP 404
215129440,2026-01-15 15:31:56,HTTP 404
91129745,2026-01-15 15:31:56,HTTP 404
215129629,2026-01-15 15:31:56,HTTP 404
215129246,2026-01-15 15:31:56,HTTP 404
116106183,2026-01-15 15:31:56,HTTP 404
114572652,2026-01-15 15:31:56,HTTP 404
199144679,2026-01-15 15:31:56,HTTP 404
209407928,2026-01-15 15:31:56,HTTP 404
150247761,2026-01-15 15:31:56,HTTP 404
150857989,2026-01-15 15:31:56,HTTP 404
35251478,2026-01-15 15:31:56,HTTP 404
38208053,2026-01-15 15:31:56,HTTP 404
185235526,2026-01-15 15:32:15,HTTP 404
146232045,2026-01-15 15:32:15,HTTP 404
149128429,2026-01-15 15:32:15,HTTP 404
36767996,2026-01-15 15:32:15,HTTP 404
150857577,2026-01-15 15:32:15,HTTP 404
138989666,2026-01-15 15:32:15,HTTP 404
197032894,2026-01-15 15:32:15,HTTP 404
205691936,2026-01-15 15:32:34,HTTP 404
109281355,2026-01-15 15:32:34,HTTP 404
242424871,2026-01-15 15:32:34,HTTP 404
144199447,2026-01-15 15:32:34,HTTP 404
162966789,2026-01-15 15:32:34,HTTP 404
143144978,2026-01-15 15:32:34,HTTP 404
205690661,2026-01-15 15:32:34,HTTP 404
229770132,2026-01-15 15:32:34,HTTP 404
144230422,2026-01-15 15:32:34,HTTP 404
259514222,2026-01-15 15:32:34,HTTP 404
251773322,2026-01-15 15:32:34,HTTP 404
252357193,2026-01-15 15:32:34,HTTP 404
192260185,2026-01-15 15:32:34,HTTP 404
263482170,2026-01-15 15:32:34,HTTP 404
204064371,2026-01-15 15:32:34,HTTP 404
48860347,2026-01-15 15:32:34,HTTP 404
137676921,2026-01-15 15:32:34,HTTP 404
137675299,2026-01-15 15:32:34,HTTP 404
137676203,2026-01-15 15:32:34,HTTP 404
31855083,2026-01-15 15:32:34,HTTP 404
91516699,2026-01-15 15:32:34,HTTP 404
137675369,2026-01-15 15:32:34,HTTP 404
137675537,2026-01-15 15:32:53,HTTP 404
157549093,2026-01-15 15:32:53,HTTP 404
143887243,2026-01-15 15:32:53,HTTP 404
137676428,2026-01-15 15:32:53,HTTP 404
137676504,2026-01-15 15:32:53,HTTP 404
108112056,2026-01-15 15:32:53,HTTP 404
89307028,2026-01-15 15:32:53,HTTP 404
137676419,2026-01-15 15:32:53,HTTP 404
35865497,2026-01-15 15:32:53,HTTP 404
36869362,2026-01-15 15:32:53,HTTP 404
195151563,2026-01-15 15:32:53,HTTP 404
173640560,2026-01-15 15:32:53,HTTP 404
137676509,2026-01-15 15:32:53,HTTP 404
137676513,2026-01-15 15:32:53,HTTP 404
207888664,2026-01-15 15:32:53,HTTP 404
137675321,2026-01-15 15:32:53,HTTP 404
141900877,2026-01-15 15:33:13,HTTP 404
20150585,2026-01-15 15:33:13,HTTP 404
204450798,2026-01-15 15:33:13,HTTP 404
24243874,2026-01-15 15:33:13,HTTP 404
33065672,2026-01-15 15:33:13,HTTP 404
52484184,2026-01-15 15:33:13,HTTP 404
172022209,2026-01-15 15:33:13,HTTP 404
263239770,2026-01-15 15:33:13,HTTP 404
171761258,2026-01-15 15:33:13,HTTP 404
171808897,2026-01-15 15:33:13,HTTP 404
253075594,2026-01-15 15:33:13,HTTP 404
173150699,2026-01-15 15:33:13,HTTP 404
229764828,2026-01-15 15:33:13,HTTP 404
205673512,2026-01-15 15:33:13,HTTP 404
243300456,2026-01-15 15:33:13,HTTP 404
139196211,2026-01-15 15:33:13,HTTP 404
172069313,2026-01-15 15:33:13,HTTP 404
206147399,2026-01-15 15:33:13,HTTP 404
11119985,2026-01-15 15:33:13,HTTP 404
206246426,2026-01-15 15:33:13,HTTP 404
205977423,2026-01-15 15:33:13,HTTP 404
116813643,2026-01-15 15:33:13,HTTP 404
205685450,2026-01-15 15:33:13,HTTP 404
243017139,2026-01-15 15:33:13,HTTP 404
205685551,2026-01-15 15:33:13,HTTP 404
252882714,2026-01-15 15:33:13,HTTP 404
245784317,2026-01-15 15:33:13,HTTP 404
242391973,2026-01-15 15:33:13,HTTP 404
229805444,2026-01-15 15:33:13,HTTP 404
143468298,2026-01-15 15:33:13,HTTP 404
111712435,2026-01-15 15:33:13,HTTP 404
143468129,2026-01-15 15:33:13,HTTP 404
54683588,2026-01-15 15:33:13,HTTP 404
68139092,2026-01-15 15:33:13,HTTP 404
206147376,2026-01-15 15:33:13,HTTP 404
83743179,2026-01-15 15:33:33,HTTP 404
251770063,2026-01-15 15:33:33,HTTP 404
206640984,2026-01-15 15:33:33,HTTP 404
206553302,2026-01-15 15:33:33,HTTP 404
150315056,2026-01-15 15:33:33,HTTP 404
209907468,2026-01-15 15:33:33,HTTP 404
227326580,2026-01-15 15:33:33,HTTP 404
250099753,2026-01-15 15:33:33,HTTP 404
229805345,2026-01-15 15:33:33,HTTP 404
243082353,2026-01-15 15:33:33,HTTP 404
242841242,2026-01-15 15:33:33,HTTP 404
245773668,2026-01-15 15:33:33,HTTP 404
89698759,2026-01-15 15:33:33,HTTP 404
124275744,2026-01-15 15:33:33,HTTP 404
206553965,2026-01-15 15:33:33,HTTP 404
251772917,2026-01-15 15:33:33,HTTP 404
129010866,2026-01-15 15:33:33,HTTP 404
107077858,2026-01-15 15:33:33,HTTP 404
242999577,2026-01-15 15:33:33,HTTP 404
206554056,2026-01-15 15:33:33,HTTP 404
206553450,2026-01-15 15:33:33,HTTP 404
206553261,2026-01-15 15:33:33,HTTP 404
209909083,2026-01-15 15:33:33,HTTP 404
229747995,2026-01-15 15:33:33,HTTP 404
206553308,2026-01-15 15:33:33,HTTP 404
248865886,2026-01-15 15:33:33,HTTP 404
116470301,2026-01-15 15:33:33,HTTP 404
209907945,2026-01-15 15:33:33,HTTP 404
248858613,2026-01-15 15:33:33,HTTP 404
144197460,2026-01-15 15:33:33,HTTP 404
38495219,2026-01-15 15:33:33,HTTP 404
206553432,2026-01-15 15:33:33,HTTP 404
206244672,2026-01-15 15:33:33,HTTP 404
206553272,2026-01-15 15:33:33,HTTP 404
116470590,2026-01-15 15:33:33,HTTP 404
205666051,2026-01-15 15:33:33,HTTP 404
206554060,2026-01-15 15:33:33,HTTP 404
11078812,2026-01-15 15:33:33,HTTP 404
242717741,2026-01-15 15:33:33,HTTP 404
248154660,2026-01-15 15:33:33,HTTP 404
245787203,2026-01-15 15:33:33,HTTP 404
253073394,2026-01-15 15:33:33,HTTP 404
195288719,2026-01-15 15:33:33,HTTP 404
206553412,2026-01-15 15:33:33,HTTP 404
250100139,2026-01-15 15:33:33,HTTP 404
205691354,2026-01-15 15:33:33,HTTP 404
155199093,2026-01-15 15:33:33,HTTP 404
144198306,2026-01-15 15:33:33,HTTP 404
250099921,2026-01-15 15:33:52,HTTP 404
242717078,2026-01-15 15:33:52,HTTP 404
16197757,2026-01-15 15:33:52,HTTP 404
36995833,2026-01-15 15:33:52,HTTP 404
113619804,2026-01-15 15:33:52,HTTP 404
31909260,2026-01-15 15:33:52,HTTP 404
77718785,2026-01-15 15:33:52,HTTP 404
109976728,2026-01-15 15:33:52,HTTP 404
38467919,2026-01-15 15:33:52,HTTP 404
31908911,2026-01-15 15:33:52,HTTP 404
110360088,2026-01-15 15:33:52,HTTP 404
74571640,2026-01-15 15:33:52,HTTP 404
41343279,2026-01-15 15:33:52,HTTP 404
35723368,2026-01-15 15:33:52,HTTP 404
35723131,2026-01-15 15:33:52,HTTP 404
206473684,2026-01-15 15:33:52,HTTP 404
206470218,2026-01-15 15:33:52,HTTP 404
225314670,2026-01-15 15:33:52,HTTP 404
143889419,2026-01-15 15:33:52,HTTP 404
209165308,2026-01-15 15:33:52,HTTP 404
41293717,2026-01-15 15:33:52,HTTP 404
206450269,2026-01-15 15:34:11,HTTP 404
172705875,2026-01-15 15:34:11,HTTP 404
136891407,2026-01-15 15:34:11,HTTP 404
209165145,2026-01-15 15:34:11,HTTP 404
85698741,2026-01-15 15:34:11,HTTP 404
209165158,2026-01-15 15:34:11,HTTP 404
83665733,2026-01-15 15:34:11,HTTP 404
77879001,2026-01-15 15:34:30,HTTP 404
114572449,2026-01-15 15:34:30,HTTP 404
260741592,2026-01-15 15:34:30,HTTP 404
263384702,2026-01-15 15:34:30,HTTP 404
248559655,2026-01-15 15:34:30,HTTP 404
202760782,2026-01-15 15:34:50,HTTP 404
249693938,2026-01-15 15:35:10,HTTP 404
124905231,2026-01-15 15:35:10,HTTP 404
253614911,2026-01-15 15:35:29,HTTP 404
176477643,2026-01-15 15:35:47,HTTP 404
147107642,2026-01-15 15:35:47,HTTP 404
123545955,2026-01-15 15:35:47,HTTP 404
230011181,2026-01-15 15:35:47,HTTP 404
262487336,2026-01-15 15:35:47,HTTP 404
133781963,2026-01-15 15:35:47,HTTP 404
262487483,2026-01-15 15:35:47,HTTP 404
253203302,2026-01-15 15:35:47,HTTP 404
253348948,2026-01-15 15:35:47,HTTP 404
203960851,2026-01-15 15:36:06,HTTP 404
203960862,2026-01-15 15:36:06,HTTP 404
204064409,2026-01-15 15:36:06,HTTP 404
203960840,2026-01-15 15:36:06,HTTP 404
203960855,2026-01-15 15:36:06,HTTP 404
204437733,2026-01-15 15:36:06,HTTP 404
204065101,2026-01-15 15:36:06,HTTP 404
204064542,2026-01-15 15:36:06,HTTP 404
204065506,2026-01-15 15:36:06,HTTP 404
204650196,2026-01-15 15:36:06,HTTP 404
203960845,2026-01-15 15:36:06,HTTP 404
203992378,2026-01-15 15:36:06,HTTP 404
203992243,2026-01-15 15:36:06,HTTP 404
204064916,2026-01-15 15:36:06,HTTP 404
203961147,2026-01-15 15:36:06,HTTP 404
203960916,2026-01-15 15:36:06,HTTP 404
213969881,2026-01-15 15:36:06,HTTP 404
204065056,2026-01-15 15:36:06,HTTP 404
203992149,2026-01-15 15:36:06,HTTP 404
213969882,2026-01-15 15:36:06,HTTP 404
204064746,2026-01-15 15:36:06,HTTP 404
196802975,2026-01-15 15:36:06,HTTP 404
206836167,2026-01-15 15:36:06,HTTP 404
203960707,2026-01-15 15:36:06,HTTP 404
204437406,2026-01-15 15:36:06,HTTP 404
203992328,2026-01-15 15:36:06,HTTP 404
204064320,2026-01-15 15:36:06,HTTP 404
204064447,2026-01-15 15:36:06,HTTP 404
204064369,2026-01-15 15:36:06,HTTP 404
214605911,2026-01-15 15:36:06,HTTP 404
203998899,2026-01-15 15:36:06,HTTP 404
95267829,2026-01-15 15:36:06,HTTP 404
204065053,2026-01-15 15:36:06,HTTP 404
204064488,2026-01-15 15:36:06,HTTP 404
263047699,2026-01-15 15:36:26,HTTP 404
197856522,2026-01-15 15:36:26,HTTP 404
203961125,2026-01-15 15:36:26,HTTP 404
203961026,2026-01-15 15:36:26,HTTP 404
203961169,2026-01-15 15:36:26,HTTP 404
203960975,2026-01-15 15:36:26,HTTP 404
203961052,2026-01-15 15:36:45,HTTP 404
204044482,2026-01-15 15:36:45,HTTP 404
204437759,2026-01-15 15:36:45,HTTP 404
129172465,2026-01-15 15:37:04,HTTP 404
243084656,2026-01-15 15:37:04,HTTP 404
146492867,2026-01-15 15:37:04,HTTP 404
247922159,2026-01-15 15:37:23,HTTP 404
176678700,2026-01-15 15:37:23,HTTP 404
246856779,2026-01-15 15:37:23,HTTP 404
247862604,2026-01-15 15:37:23,HTTP 404
205081112,2026-01-15 15:37:23,HTTP 404
249591076,2026-01-15 15:37:23,HTTP 404
249601277,2026-01-15 15:37:23,HTTP 404
195151028,2026-01-15 15:37:23,HTTP 404
262811657,2026-01-15 15:37:23,HTTP 404
263498459,2026-01-15 15:37:23,HTTP 404
97708090,2026-01-15 15:37:43,HTTP 404
57522629,2026-01-15 15:37:43,HTTP 404
39951047,2026-01-15 15:37:43,HTTP 404
137675541,2026-01-15 15:37:43,HTTP 404
213921058,2026-01-15 15:37:43,HTTP 404
202715453,2026-01-15 15:38:02,HTTP 404
253620976,2026-01-15 15:38:02,HTTP 404
205889379,2026-01-15 15:38:02,HTTP 404
205892589,2026-01-15 15:38:02,HTTP 404
214132972,2026-01-15 15:38:02,HTTP 404
110990117,2026-01-15 15:38:02,HTTP 404
205692600,2026-01-15 15:38:02,HTTP 404
205886057,2026-01-15 15:38:21,HTTP 404
88096885,2026-01-15 15:38:21,HTTP 404
210959895,2026-01-15 15:38:21,HTTP 404
114572403,2026-01-15 15:38:41,HTTP 404
249776642,2026-01-15 15:38:41,HTTP 404
214234034,2026-01-15 15:38:41,HTTP 404
222399161,2026-01-15 15:38:41,HTTP 404
207299029,2026-01-15 15:39:00,HTTP 404
248601003,2026-01-15 15:39:00,HTTP 404
196858194,2026-01-15 15:39:00,HTTP 404
138903781,2026-01-15 15:39:00,HTTP 404
207299276,2026-01-15 15:39:00,HTTP 404
74443873,2026-01-15 15:39:00,HTTP 404
252793052,2026-01-15 15:39:00,HTTP 404
222399232,2026-01-15 15:39:00,HTTP 404
251590785,2026-01-15 15:39:19,HTTP 404
248619617,2026-01-15 15:39:19,HTTP 404
2152895,2026-01-15 15:39:19,HTTP 404
242859748,2026-01-15 15:39:19,HTTP 404
246960313,2026-01-15 15:39:38,HTTP 404
242866154,2026-01-15 15:39:38,HTTP 404
251590836,2026-01-15 15:39:38,HTTP 404
108102585,2026-01-15 15:39:38,HTTP 404
261809442,2026-01-15 15:39:57,HTTP 404
193155919,2026-01-15 15:39:57,HTTP 404
258668703,2026-01-15 15:39:57,HTTP 404
111521985,2026-01-15 15:39:57,HTTP 404
208307697,2026-01-15 15:39:57,HTTP 404
246136752,2026-01-15 15:39:57,HTTP 404
262835627,2026-01-15 15:39:57,HTTP 404
251751008,2026-01-15 15:39:57,HTTP 404
202012916,2026-01-15 15:39:57,HTTP 404
262846190,2026-01-15 15:39:57,HTTP 404
262845891,2026-01-15 15:39:57,HTTP 404
254181075,2026-01-15 15:39:57,HTTP 404
262846146,2026-01-15 15:39:57,HTTP 404
246162959,2026-01-15 15:39:57,HTTP 404
253279498,2026-01-15 15:39:57,HTTP 404
262749764,2026-01-15 15:39:57,HTTP 404
262845989,2026-01-15 15:39:57,HTTP 404
261961817,2026-01-15 15:39:57,HTTP 404
144631305,2026-01-15 15:39:57,HTTP 404
246209066,2026-01-15 15:39:57,HTTP 404
116046996,2026-01-15 15:40:16,HTTP 404
201516122,2026-01-15 15:40:16,HTTP 404
173808344,2026-01-15 15:40:16,HTTP 404
95296908,2026-01-15 15:40:16,HTTP 404
215741627,2026-01-15 15:40:16,HTTP 404
129624643,2026-01-15 15:40:16,HTTP 404
201517753,2026-01-15 15:40:16,HTTP 404
201517566,2026-01-15 15:40:16,HTTP 404
201517049,2026-01-15 15:40:16,HTTP 404
253376138,2026-01-15 15:40:16,HTTP 404
253279117,2026-01-15 15:40:36,HTTP 404
253277988,2026-01-15 15:40:36,HTTP 404
82921009,2026-01-15 15:40:36,HTTP 404
200846417,2026-01-15 15:40:36,HTTP 404
122347639,2026-01-15 15:40:55,HTTP 404
214163193,2026-01-15 15:40:55,HTTP 404
183371176,2026-01-15 15:40:55,HTTP 404
250086235,2026-01-15 15:40:55,HTTP 404
207774469,2026-01-15 15:40:55,HTTP 404
94582879,2026-01-15 15:41:14,HTTP 404
248540527,2026-01-15 15:41:14,HTTP 404
181523341,2026-01-15 15:41:14,HTTP 404
252125669,2026-01-15 15:41:14,HTTP 404
121331576,2026-01-15 15:41:14,HTTP 404
14348102,2026-01-15 15:41:33,HTTP 404
243084989,2026-01-15 15:41:33,HTTP 404
245900784,2026-01-15 15:41:33,HTTP 404
246856167,2026-01-15 15:41:33,HTTP 404
262838603,2026-01-15 15:41:33,HTTP 404
262839280,2026-01-15 15:41:33,HTTP 404
263075666,2026-01-15 15:41:33,HTTP 404
262839195,2026-01-15 15:41:33,HTTP 404
161242068,2026-01-15 15:41:33,HTTP 404
205529304,2026-01-15 15:41:52,HTTP 404
263437007,2026-01-15 15:41:52,HTTP 404
262301764,2026-01-15 15:42:11,HTTP 404
246770166,2026-01-15 15:42:31,HTTP 404
246755238,2026-01-15 15:42:31,HTTP 404
93764811,2026-01-15 15:42:31,HTTP 404
143709250,2026-01-15 15:42:31,HTTP 404
190086378,2026-01-15 15:42:31,HTTP 404
217385285,2026-01-15 15:42:31,HTTP 404
114877982,2026-01-15 15:42:31,HTTP 404
216450200,2026-01-15 15:42:31,HTTP 404
57763788,2026-01-15 15:42:31,HTTP 404
228930728,2026-01-15 15:42:31,HTTP 404
73544502,2026-01-15 15:42:50,HTTP 404
262787502,2026-01-15 15:42:50,HTTP 404
2069457,2026-01-15 15:42:50,HTTP 404
197379419,2026-01-15 15:43:09,HTTP 404
114876967,2026-01-15 15:43:09,HTTP 404
194133702,2026-01-15 15:43:09,HTTP 404
114894597,2026-01-15 15:43:09,HTTP 404
222176461,2026-01-15 15:43:09,HTTP 404
195953108,2026-01-15 15:43:29,HTTP 404
262704584,2026-01-15 15:43:29,HTTP 404
205303508,2026-01-15 15:43:29,HTTP 404
180576324,2026-01-15 15:43:29,HTTP 404
135370586,2026-01-15 15:43:48,HTTP 404
107405220,2026-01-15 15:43:48,HTTP 404
261995759,2026-01-15 15:43:48,HTTP 404
221239902,2026-01-15 15:43:48,HTTP 404
221255334,2026-01-15 15:43:48,HTTP 404
146250691,2026-01-15 15:44:07,HTTP 404
80665479,2026-01-15 15:44:07,HTTP 404
189267138,2026-01-15 15:44:27,HTTP 404
247414675,2026-01-15 15:44:46,HTTP 404
246852873,2026-01-15 15:44:46,HTTP 404
246856195,2026-01-15 15:45:06,HTTP 404
242882260,2026-01-15 15:45:06,HTTP 404
92744455,2026-01-15 15:45:06,HTTP 404
92743919,2026-01-15 15:45:06,HTTP 404
212260370,2026-01-15 15:45:06,HTTP 404
207990670,2026-01-15 15:45:06,HTTP 404
179142419,2026-01-15 15:45:06,HTTP 404
130773904,2026-01-15 15:45:25,HTTP 404
247275270,2026-01-15 15:45:25,HTTP 404
246851142,2026-01-15 15:45:25,HTTP 404
246853057,2026-01-15 15:45:25,HTTP 404
245769955,2026-01-15 15:45:25,HTTP 404
179142316,2026-01-15 15:45:25,HTTP 404
205081143,2026-01-15 15:45:25,HTTP 404
203200763,2026-01-15 15:45:25,HTTP 404
242712795,2026-01-15 15:45:25,HTTP 404
129714951,2026-01-15 15:45:25,HTTP 404
111158140,2026-01-15 15:45:25,HTTP 404
129727779,2026-01-15 15:45:25,HTTP 404
140987470,2026-01-15 15:45:25,HTTP 404
128788885,2026-01-15 15:45:25,HTTP 404
249093147,2026-01-15 15:45:25,HTTP 404
199607003,2026-01-15 15:45:25,HTTP 404
252356056,2026-01-15 15:45:25,HTTP 404
242881295,2026-01-15 15:45:44,HTTP 404
205285722,2026-01-15 15:45:44,HTTP 404
129416808,2026-01-15 15:45:44,HTTP 404
201122773,2026-01-15 15:45:44,HTTP 404
207709582,2026-01-15 15:45:44,HTTP 404
245218785,2026-01-15 15:45:44,HTTP 404
246432064,2026-01-15 15:45:44,HTTP 404
245889367,2026-01-15 15:45:44,HTTP 404
242200678,2026-01-15 15:45:44,HTTP 404
261815158,2026-01-15 15:45:44,HTTP 404
255349730,2026-01-15 15:45:44,HTTP 404
247950409,2026-01-15 15:45:44,HTTP 404
262082309,2026-01-15 15:45:44,HTTP 404
263110063,2026-01-15 15:46:03,HTTP 404
126949330,2026-01-15 15:46:03,HTTP 404
262646337,2026-01-15 15:46:03,HTTP 404
263294035,2026-01-15 15:46:03,HTTP 404
244690356,2026-01-15 15:46:03,HTTP 404
167473816,2026-01-15 15:46:03,HTTP 404
74404700,2026-01-15 15:46:03,HTTP 404
242785776,2026-01-15 15:46:03,HTTP 404
217526941,2026-01-15 15:46:03,HTTP 404
213713347,2026-01-15 15:46:03,HTTP 404
199684406,2026-01-15 15:46:22,HTTP 404
242761204,2026-01-15 15:46:22,HTTP 404
168222855,2026-01-15 15:46:22,HTTP 404
149685310,2026-01-15 15:46:22,HTTP 404
263348905,2026-01-15 15:46:22,HTTP 404
224173934,2026-01-15 15:46:22,HTTP 404
262780647,2026-01-15 15:46:22,HTTP 404
262779574,2026-01-15 15:46:22,HTTP 404
206673684,2026-01-15 15:46:22,HTTP 404
249657975,2026-01-15 15:46:22,HTTP 404
249662613,2026-01-15 15:46:22,HTTP 404
257683333,2026-01-15 15:46:22,HTTP 404
217574606,2026-01-15 15:46:22,HTTP 404
240474641,2026-01-15 15:46:22,HTTP 404
249966357,2026-01-15 15:46:41,HTTP 404
249017750,2026-01-15 15:46:41,HTTP 404
260810317,2026-01-15 15:46:41,HTTP 404
251588200,2026-01-15 15:46:41,HTTP 404
87556401,2026-01-15 15:46:41,HTTP 404
52277277,2026-01-15 15:46:41,HTTP 404
87563213,2026-01-15 15:46:41,HTTP 404
87548845,2026-01-15 15:46:41,HTTP 404
17928527,2026-01-15 15:46:41,HTTP 404
130422290,2026-01-15 15:46:41,HTTP 404
50384194,2026-01-15 15:46:41,HTTP 404
69090355,2026-01-15 15:47:01,HTTP 404
54745696,2026-01-15 15:47:01,HTTP 404
87549360,2026-01-15 15:47:01,HTTP 404
126158085,2026-01-15 15:47:01,HTTP 404
87549039,2026-01-15 15:47:01,HTTP 404
130425293,2026-01-15 15:47:01,HTTP 404
196800922,2026-01-15 15:47:01,HTTP 404
91403505,2026-01-15 15:47:01,HTTP 404
218750573,2026-01-15 15:47:01,HTTP 404
170277262,2026-01-15 15:47:20,HTTP 404
136418258,2026-01-15 15:47:20,HTTP 404
118690697,2026-01-15 15:47:20,HTTP 404
135527710,2026-01-15 15:47:20,HTTP 404
130619258,2026-01-15 15:47:39,HTTP 404
86533690,2026-01-15 15:47:58,HTTP 404
225380731,2026-01-15 15:47:58,HTTP 404
124424633,2026-01-15 15:48:18,HTTP 404
186617110,2026-01-15 15:48:18,HTTP 404
153648215,2026-01-15 15:48:18,HTTP 404
105248855,2026-01-15 15:48:37,HTTP 404
134232187,2026-01-15 15:48:37,HTTP 404
176106730,2026-01-15 15:48:37,HTTP 404
134389899,2026-01-15 15:49:16,HTTP 404
205812290,2026-01-15 15:49:16,HTTP 404
169712603,2026-01-15 15:49:16,HTTP 404
141774662,2026-01-15 15:49:54,HTTP 404
140753816,2026-01-15 15:49:54,HTTP 404
202788110,2026-01-15 15:49:54,HTTP 404
190703156,2026-01-15 15:49:54,HTTP 404
76359080,2026-01-15 15:49:54,HTTP 404
23383685,2026-01-15 15:50:13,HTTP 404
207831478,2026-01-15 15:50:13,HTTP 404
202786108,2026-01-15 15:50:32,HTTP 404
218742185,2026-01-15 15:50:32,HTTP 404
134304105,2026-01-15 15:50:32,HTTP 404
7697454,2026-01-15 15:50:51,'NoneType' object is not iterable
7697437,2026-01-15 15:50:51,'NoneType' object is not iterable
154203504,2026-01-15 15:50:51,HTTP 404
150947006,2026-01-15 15:50:51,HTTP 404
158474890,2026-01-15 15:51:10,HTTP 404
258610145,2026-01-15 15:51:29,HTTP 404
162976249,2026-01-15 15:51:29,HTTP 404
7973548,2026-01-15 15:51:29,'NoneType' object is not iterable
7697522,2026-01-15 15:51:29,'NoneType' object is not iterable
168371819,2026-01-15 15:51:48,HTTP 404
162973658,2026-01-15 15:52:07,HTTP 404
166412645,2026-01-15 15:52:07,HTTP 404
131171051,2026-01-15 15:52:27,HTTP 404
162197629,2026-01-15 15:52:47,HTTP 404
162163898,2026-01-15 15:53:06,HTTP 404
171507789,2026-01-15 15:53:06,HTTP 404
139622188,2026-01-15 15:53:06,HTTP 404
126052748,2026-01-15 15:53:26,HTTP 404
141840230,2026-01-15 15:53:26,HTTP 404
193624495,2026-01-15 15:53:26,HTTP 404
7543425,2026-01-15 15:53:45,'NoneType' object is not iterable
217750513,2026-01-15 15:53:45,HTTP 404
135532000,2026-01-15 15:53:45,HTTP 404
7470553,2026-01-15 15:53:45,'NoneType' object is not iterable
248494132,2026-01-15 15:54:05,HTTP 404
248496686,2026-01-15 15:54:05,HTTP 404
246856721,2026-01-15 15:54:05,HTTP 404
205422991,2026-01-15 15:54:05,HTTP 404
248495222,2026-01-15 15:54:05,HTTP 404
186552167,2026-01-15 15:54:05,HTTP 404
248492481,2026-01-15 15:54:05,HTTP 404
248493276,2026-01-15 15:54:05,HTTP 404
249602001,2026-01-15 15:54:05,HTTP 404
248495488,2026-01-15 15:54:05,HTTP 404
248496424,2026-01-15 15:54:05,HTTP 404
249657398,2026-01-15 15:54:05,HTTP 404
249601462,2026-01-15 15:54:05,HTTP 404
249600827,2026-01-15 15:54:05,HTTP 404
248494625,2026-01-15 15:54:05,HTTP 404
246850985,2026-01-15 15:54:05,HTTP 404
249602668,2026-01-15 15:54:05,HTTP 404
205286057,2026-01-15 15:54:05,HTTP 404
249601697,2026-01-15 15:54:05,HTTP 404
263625495,2026-01-15 15:54:05,HTTP 404
198074821,2026-01-15 15:54:05,HTTP 404
248491779,2026-01-15 15:54:05,HTTP 404
205280846,2026-01-15 15:54:05,HTTP 404
154532215,2026-01-15 15:54:43,HTTP 404
154532108,2026-01-15 15:54:43,HTTP 404
147873300,2026-01-15 15:54:43,HTTP 404
154532335,2026-01-15 15:54:43,HTTP 404
129560980,2026-01-15 15:55:03,HTTP 404
147873788,2026-01-15 15:55:03,HTTP 404
181929495,2026-01-15 15:55:03,HTTP 404
140630299,2026-01-15 15:55:03,HTTP 404
138561218,2026-01-15 15:55:03,HTTP 404
121637302,2026-01-15 15:55:03,HTTP 404
192577795,2026-01-15 15:55:21,HTTP 404
191547298,2026-01-15 15:55:21,HTTP 404
167949722,2026-01-15 15:55:21,HTTP 404
168404037,2026-01-15 15:55:41,HTTP 404
180610431,2026-01-15 15:55:41,HTTP 404
141838426,2026-01-15 15:55:41,HTTP 404
114279978,2026-01-15 15:56:00,HTTP 404
262287482,2026-01-15 15:56:38,HTTP 404
262267534,2026-01-15 15:56:38,HTTP 404
262524753,2026-01-15 15:56:38,HTTP 404
186676376,2026-01-15 15:56:38,HTTP 404
252635313,2026-01-15 15:56:38,HTTP 404
252568726,2026-01-15 15:56:56,HTTP 404
193010821,2026-01-15 15:57:15,HTTP 404
202495176,2026-01-15 15:57:15,HTTP 404
208122526,2026-01-15 15:57:15,HTTP 404
248494657,2026-01-15 15:57:15,HTTP 404
98365842,2026-01-15 15:57:15,HTTP 404
193085895,2026-01-15 15:57:15,HTTP 404
193085093,2026-01-15 15:57:15,HTTP 404
129491779,2026-01-15 15:57:15,HTTP 404
98367652,2026-01-15 15:57:15,HTTP 404
248916220,2026-01-15 15:57:15,HTTP 404
108269650,2026-01-15 15:57:15,HTTP 404
208613149,2026-01-15 15:57:34,HTTP 404
178012456,2026-01-15 15:57:34,HTTP 404
149523592,2026-01-15 15:57:34,HTTP 404
98164836,2026-01-15 15:57:34,HTTP 404
127840172,2026-01-15 15:57:57,HTTP 404
155828235,2026-01-15 15:57:57,HTTP 404
143326455,2026-01-15 15:58:17,HTTP 404
139618168,2026-01-15 15:58:17,HTTP 404
180048100,2026-01-15 15:58:17,HTTP 404
134357219,2026-01-15 15:58:17,HTTP 404
117324994,2026-01-15 15:58:17,HTTP 404
69511994,2026-01-15 15:58:36,HTTP 404
24105569,2026-01-15 15:58:36,HTTP 404
194443426,2026-01-15 15:58:55,HTTP 404
188229665,2026-01-15 15:59:14,HTTP 404
176150593,2026-01-15 15:59:33,HTTP 404
190367084,2026-01-15 15:59:33,HTTP 404
206496026,2026-01-15 15:59:33,HTTP 404
190703501,2026-01-15 15:59:33,HTTP 404
167475454,2026-01-15 15:59:33,HTTP 404
104794757,2026-01-15 15:59:33,HTTP 404
104792902,2026-01-15 15:59:52,HTTP 404
104791896,2026-01-15 15:59:52,HTTP 404
167478124,2026-01-15 15:59:52,HTTP 404
173380362,2026-01-15 15:59:52,HTTP 404
167481417,2026-01-15 15:59:52,HTTP 404
167477772,2026-01-15 15:59:52,HTTP 404
195548070,2026-01-15 15:59:52,HTTP 404
26162099,2026-01-15 15:59:52,HTTP 404
167483500,2026-01-15 15:59:52,HTTP 404
167477366,2026-01-15 15:59:52,HTTP 404
178088896,2026-01-15 15:59:52,HTTP 404
183491790,2026-01-15 16:00:11,HTTP 404
53492237,2026-01-15 16:00:11,HTTP 404
164552469,2026-01-15 16:00:11,HTTP 404
230005869,2026-01-15 16:00:11,HTTP 404
230004864,2026-01-15 16:00:11,HTTP 404
217524778,2026-01-15 16:00:11,HTTP 404
225263759,2026-01-15 16:00:11,HTTP 404
86131165,2026-01-15 16:00:31,HTTP 404
230201510,2026-01-15 16:00:31,HTTP 404
86131408,2026-01-15 16:00:31,HTTP 404
247437307,2026-01-15 16:00:50,HTTP 404
73610108,2026-01-15 16:00:50,HTTP 404
260805654,2026-01-15 16:00:50,HTTP 404
217528573,2026-01-15 16:00:50,HTTP 404
198289547,2026-01-15 16:01:10,HTTP 404
195238171,2026-01-15 16:01:10,HTTP 404
177185622,2026-01-15 16:01:34,HTTP 404
108799954,2026-01-15 16:01:34,HTTP 404
167124292,2026-01-15 16:01:53,HTTP 404
136418962,2026-01-15 16:01:53,HTTP 404
124556951,2026-01-15 16:02:31,HTTP 404
92650188,2026-01-15 16:03:09,HTTP 404
135536607,2026-01-15 16:03:09,HTTP 404
173417551,2026-01-15 16:03:09,HTTP 404
214595306,2026-01-15 16:03:28,HTTP 404
205278683,2026-01-15 16:03:28,HTTP 404
192970180,2026-01-15 16:03:47,HTTP 404
137471901,2026-01-15 16:03:47,HTTP 404
262673016,2026-01-15 16:04:05,HTTP 404
214798971,2026-01-15 16:04:05,HTTP 404
262673273,2026-01-15 16:04:05,HTTP 404
244167141,2026-01-15 16:04:24,HTTP 404
153612232,2026-01-15 16:04:24,HTTP 404
166233431,2026-01-15 16:04:44,HTTP 404
150946988,2026-01-15 16:05:02,HTTP 404
207036945,2026-01-15 16:05:02,HTTP 404
262533668,2026-01-15 16:05:22,HTTP 404
189235633,2026-01-15 16:05:41,HTTP 404
197602574,2026-01-15 16:05:41,HTTP 404
170916915,2026-01-15 16:05:41,HTTP 404
243223165,2026-01-15 16:06:00,HTTP 404
263403786,2026-01-15 16:06:00,HTTP 404
181940296,2026-01-15 16:06:00,HTTP 404
91932472,2026-01-15 16:06:19,HTTP 404
74532664,2026-01-15 16:06:19,HTTP 404
75769663,2026-01-15 16:06:19,HTTP 404
91938807,2026-01-15 16:06:19,HTTP 404
91940010,2026-01-15 16:06:19,HTTP 404
91937597,2026-01-15 16:06:19,HTTP 404
91945133,2026-01-15 16:06:38,HTTP 404
91950879,2026-01-15 16:06:38,HTTP 404
74421745,2026-01-15 16:06:38,HTTP 404
214760217,2026-01-15 16:06:38,HTTP 404
214757478,2026-01-15 16:06:38,HTTP 404
196800868,2026-01-15 16:06:38,HTTP 404
153530111,2026-01-15 16:06:38,HTTP 404
253111307,2026-01-15 16:06:58,HTTP 404
162087391,2026-01-15 16:07:38,HTTP 404
261900853,2026-01-15 16:07:59,HTTP 404
261900461,2026-01-15 16:07:59,HTTP 404
261900631,2026-01-15 16:07:59,HTTP 404
198414835,2026-01-15 16:07:59,HTTP 404
253186947,2026-01-15 16:07:59,HTTP 404
195745514,2026-01-15 16:08:18,HTTP 404
49250760,2026-01-15 16:08:18,HTTP 404
192761524,2026-01-15 16:08:18,HTTP 404
225915740,2026-01-15 16:08:18,HTTP 404
262198965,2026-01-15 16:08:18,HTTP 404
192757872,2026-01-15 16:08:18,HTTP 404
192786153,2026-01-15 16:08:18,HTTP 404
200551129,2026-01-15 16:08:18,HTTP 404
263403811,2026-01-15 16:08:18,HTTP 404
253664020,2026-01-15 16:08:18,HTTP 404
262213883,2026-01-15 16:08:18,HTTP 404
253350227,2026-01-15 16:08:18,HTTP 404
200546939,2026-01-15 16:08:18,HTTP 404
215878052,2026-01-15 16:08:18,HTTP 404
215886021,2026-01-15 16:08:18,HTTP 404
247288733,2026-01-15 16:08:37,HTTP 404
248746103,2026-01-15 16:08:37,HTTP 404
215887031,2026-01-15 16:08:37,HTTP 404
262235674,2026-01-15 16:08:37,HTTP 404
200548604,2026-01-15 16:08:37,HTTP 404
262227178,2026-01-15 16:08:37,HTTP 404
200550020,2026-01-15 16:08:37,HTTP 404
192754653,2026-01-15 16:08:37,HTTP 404
192784272,2026-01-15 16:08:37,HTTP 404
200539150,2026-01-15 16:08:37,HTTP 404
215881061,2026-01-15 16:08:37,HTTP 404
164968515,2026-01-15 16:08:37,HTTP 404
202787474,2026-01-15 16:08:57,HTTP 404
202798804,2026-01-15 16:08:57,HTTP 404
164968086,2026-01-15 16:08:57,HTTP 404
202788159,2026-01-15 16:09:16,HTTP 404
146602477,2026-01-15 16:09:35,HTTP 404
203703280,2026-01-15 16:09:54,HTTP 404
203704047,2026-01-15 16:09:54,HTTP 404
203731026,2026-01-15 16:09:54,HTTP 404
200800257,2026-01-15 16:09:54,HTTP 404
200798631,2026-01-15 16:09:54,HTTP 404
248777924,2026-01-15 16:09:54,HTTP 404
200799084,2026-01-15 16:09:54,HTTP 404
262706662,2026-01-15 16:09:54,HTTP 404
200800067,2026-01-15 16:09:54,HTTP 404
203730958,2026-01-15 16:09:54,HTTP 404
210279841,2026-01-15 16:09:54,HTTP 404
210276664,2026-01-15 16:09:54,HTTP 404
261988228,2026-01-15 16:09:54,HTTP 404
210279181,2026-01-15 16:10:12,HTTP 404
200799123,2026-01-15 16:10:12,HTTP 404
210279490,2026-01-15 16:10:12,HTTP 404
210279892,2026-01-15 16:10:12,HTTP 404
200799409,2026-01-15 16:10:12,HTTP 404
210276967,2026-01-15 16:10:12,HTTP 404
175684759,2026-01-15 16:10:12,HTTP 404
210278452,2026-01-15 16:10:12,HTTP 404
164972793,2026-01-15 16:10:12,HTTP 404
242703693,2026-01-15 16:10:12,HTTP 404
144045034,2026-01-15 16:10:32,HTTP 404
253075600,2026-01-15 16:10:32,HTTP 404
263099604,2026-01-15 16:10:32,HTTP 404
157746642,2026-01-15 16:10:32,HTTP 404
263099547,2026-01-15 16:10:32,HTTP 404
252757905,2026-01-15 16:10:32,HTTP 404
200800397,2026-01-15 16:10:32,HTTP 404
210278948,2026-01-15 16:10:32,HTTP 404
225956638,2026-01-15 16:10:32,HTTP 404
261979067,2026-01-15 16:10:51,HTTP 404
261979142,2026-01-15 16:10:51,HTTP 404
261978851,2026-01-15 16:10:51,HTTP 404
261978823,2026-01-15 16:10:51,HTTP 404
261979037,2026-01-15 16:10:51,HTTP 404
261979001,2026-01-15 16:10:51,HTTP 404
261978931,2026-01-15 16:10:51,HTTP 404
261979157,2026-01-15 16:10:51,HTTP 404
261978937,2026-01-15 16:10:51,HTTP 404
261979084,2026-01-15 16:10:51,HTTP 404
261979052,2026-01-15 16:10:51,HTTP 404
261978932,2026-01-15 16:10:51,HTTP 404
200528988,2026-01-15 16:10:51,HTTP 404
252211869,2026-01-15 16:11:15,HTTP 404
261978801,2026-01-15 16:11:15,HTTP 404
263573578,2026-01-15 16:11:34,HTTP 404
263573701,2026-01-15 16:11:34,HTTP 404
263573593,2026-01-15 16:11:34,HTTP 404
244306095,2026-01-15 16:11:34,HTTP 404
263573515,2026-01-15 16:11:34,HTTP 404
263573803,2026-01-15 16:11:34,HTTP 404
263573693,2026-01-15 16:11:34,HTTP 404
263573516,2026-01-15 16:11:34,HTTP 404
263573576,2026-01-15 16:11:34,HTTP 404
263573936,2026-01-15 16:11:34,HTTP 404
263573581,2026-01-15 16:11:34,HTTP 404
206134891,2026-01-15 16:11:34,HTTP 404
253614654,2026-01-15 16:11:34,HTTP 404
262213942,2026-01-15 16:11:34,HTTP 404
252623144,2026-01-15 16:11:34,HTTP 404
189151902,2026-01-15 16:11:58,HTTP 404
176907467,2026-01-15 16:11:58,HTTP 404
104850149,2026-01-15 16:11:58,HTTP 404
193647601,2026-01-15 16:11:58,HTTP 404
186909064,2026-01-15 16:12:17,HTTP 404
197729017,2026-01-15 16:12:17,HTTP 404
198465853,2026-01-15 16:12:17,HTTP 404
200798638,2026-01-15 16:12:17,HTTP 404
102797694,2026-01-15 16:12:17,HTTP 404
189420388,2026-01-15 16:12:17,HTTP 404
199638230,2026-01-15 16:12:17,HTTP 404
251573204,2026-01-15 16:12:17,HTTP 404
210278471,2026-01-15 16:12:17,HTTP 404
164965404,2026-01-15 16:12:17,HTTP 404
253146662,2026-01-15 16:12:17,HTTP 404
196469884,2026-01-15 16:12:17,HTTP 404
200798555,2026-01-15 16:12:17,HTTP 404
262693032,2026-01-15 16:12:17,HTTP 404
263401984,2026-01-15 16:12:17,HTTP 404
219369225,2026-01-15 16:12:17,HTTP 404
200797942,2026-01-15 16:12:17,HTTP 404
203730972,2026-01-15 16:12:17,HTTP 404
248783003,2026-01-15 16:12:17,HTTP 404
200797882,2026-01-15 16:12:17,HTTP 404
197730935,2026-01-15 16:12:37,HTTP 404
210280121,2026-01-15 16:12:37,HTTP 404
210278015,2026-01-15 16:12:37,HTTP 404
208760933,2026-01-15 16:12:37,HTTP 404
210279196,2026-01-15 16:12:37,HTTP 404
200795801,2026-01-15 16:12:37,HTTP 404
203703583,2026-01-15 16:12:37,HTTP 404
200798618,2026-01-15 16:12:37,HTTP 404
210280335,2026-01-15 16:12:37,HTTP 404
262294949,2026-01-15 16:12:37,HTTP 404
107427274,2026-01-15 16:12:37,HTTP 404
195324603,2026-01-15 16:12:37,HTTP 404
262414712,2026-01-15 16:12:55,HTTP 404
93291088,2026-01-15 16:12:55,HTTP 404
259488822,2026-01-15 16:12:55,HTTP 404
242716498,2026-01-15 16:12:55,HTTP 404
185851073,2026-01-15 16:12:55,HTTP 404
169118066,2026-01-15 16:12:55,HTTP 404
252720992,2026-01-15 16:12:55,HTTP 404
257787201,2026-01-15 16:12:55,HTTP 404
217763386,2026-01-15 16:12:55,HTTP 404
224111757,2026-01-15 16:12:55,HTTP 404
249947528,2026-01-15 16:12:55,HTTP 404
253766925,2026-01-15 16:12:55,HTTP 404
217646392,2026-01-15 16:12:55,HTTP 404
217512298,2026-01-15 16:12:55,HTTP 404
139149446,2026-01-15 16:13:15,HTTP 404
250560902,2026-01-15 16:13:15,HTTP 404
241608660,2026-01-15 16:13:15,HTTP 404
190695872,2026-01-15 16:13:15,HTTP 404
217089704,2026-01-15 16:13:15,HTTP 404
106974990,2026-01-15 16:13:15,HTTP 404
10297936,2026-01-15 16:13:15,HTTP 404
128292995,2026-01-15 16:13:15,HTTP 404
222544010,2026-01-15 16:13:15,HTTP 404
190702768,2026-01-15 16:13:15,HTTP 404
54368341,2026-01-15 16:13:15,HTTP 404
221257058,2026-01-15 16:13:15,HTTP 404
221517740,2026-01-15 16:13:15,HTTP 404
221518945,2026-01-15 16:13:15,HTTP 404
222624143,2026-01-15 16:13:34,HTTP 404
87550755,2026-01-15 16:13:34,HTTP 404
87558163,2026-01-15 16:13:34,HTTP 404
97905020,2026-01-15 16:13:34,HTTP 404
87555421,2026-01-15 16:13:34,HTTP 404
87547798,2026-01-15 16:13:34,HTTP 404
87553574,2026-01-15 16:13:34,HTTP 404
87554029,2026-01-15 16:13:34,HTTP 404
87553797,2026-01-15 16:13:34,HTTP 404
54442572,2026-01-15 16:13:34,HTTP 404
54393657,2026-01-15 16:13:34,HTTP 404
54383631,2026-01-15 16:13:34,HTTP 404
54393665,2026-01-15 16:13:34,HTTP 404
54583105,2026-01-15 16:13:34,HTTP 404
198079078,2026-01-15 16:13:34,HTTP 404
253116073,2026-01-15 16:13:34,HTTP 404
208255413,2026-01-15 16:13:34,HTTP 404
250692203,2026-01-15 16:13:34,HTTP 404
87552652,2026-01-15 16:13:34,HTTP 404
53838886,2026-01-15 16:13:34,HTTP 404
54393674,2026-01-15 16:13:34,HTTP 404
87555783,2026-01-15 16:13:34,HTTP 404
53839583,2026-01-15 16:13:34,HTTP 404
54393642,2026-01-15 16:13:34,HTTP 404
54442551,2026-01-15 16:13:34,HTTP 404
87550859,2026-01-15 16:13:34,HTTP 404
53837553,2026-01-15 16:13:34,HTTP 404
52659820,2026-01-15 16:13:34,HTTP 404
87551805,2026-01-15 16:13:34,HTTP 404
53840242,2026-01-15 16:13:34,HTTP 404
177556170,2026-01-15 16:13:34,HTTP 404
52659824,2026-01-15 16:13:34,HTTP 404
53839813,2026-01-15 16:13:34,HTTP 404
191592907,2026-01-15 16:13:34,HTTP 404
53837414,2026-01-15 16:13:34,HTTP 404
53836822,2026-01-15 16:13:34,HTTP 404
54383608,2026-01-15 16:13:34,HTTP 404
54442554,2026-01-15 16:13:34,HTTP 404
83939952,2026-01-15 16:13:34,HTTP 404
121106476,2026-01-15 16:13:34,HTTP 404
82908451,2026-01-15 16:13:34,HTTP 404
82912050,2026-01-15 16:13:34,HTTP 404
189943361,2026-01-15 16:13:34,HTTP 404
127595489,2026-01-15 16:13:53,HTTP 404
83939602,2026-01-15 16:13:53,HTTP 404
190826135,2026-01-15 16:13:53,HTTP 404
137850191,2026-01-15 16:14:12,HTTP 404
83940487,2026-01-15 16:14:12,HTTP 404
176896321,2026-01-15 16:14:12,HTTP 404
176464428,2026-01-15 16:14:31,HTTP 404
107961982,2026-01-15 16:14:31,HTTP 404
205384729,2026-01-15 16:14:31,HTTP 404
260797947,2026-01-15 16:14:31,HTTP 404
217169189,2026-01-15 16:14:51,HTTP 404
261978845,2026-01-15 16:14:51,HTTP 404
191123281,2026-01-15 16:14:51,HTTP 404
261072979,2026-01-15 16:14:51,HTTP 404
42496586,2026-01-15 16:14:51,HTTP 404
52649564,2026-01-15 16:14:51,HTTP 404
87557157,2026-01-15 16:14:51,HTTP 404
139474711,2026-01-15 16:15:11,HTTP 404
175110899,2026-01-15 16:15:11,HTTP 404
12671823,2026-01-15 16:15:11,HTTP 404
52649551,2026-01-15 16:15:11,HTTP 404
23569151,2026-01-15 16:15:11,HTTP 404
87560124,2026-01-15 16:15:11,HTTP 404
239178180,2026-01-15 16:15:11,HTTP 404
174932071,2026-01-15 16:15:11,HTTP 404
52649547,2026-01-15 16:15:11,HTTP 404
52649555,2026-01-15 16:15:11,HTTP 404
52112865,2026-01-15 16:15:11,HTTP 404
52649533,2026-01-15 16:15:11,HTTP 404
175188678,2026-01-15 16:15:11,HTTP 404
172295398,2026-01-15 16:15:30,HTTP 404
178745135,2026-01-15 16:15:30,HTTP 404
198364422,2026-01-15 16:15:30,HTTP 404
249610710,2026-01-15 16:15:30,HTTP 404
199684319,2026-01-15 16:15:30,HTTP 404
143406068,2026-01-15 16:15:30,HTTP 404
45244396,2026-01-15 16:15:30,HTTP 404
87548184,2026-01-15 16:15:49,HTTP 404
87552969,2026-01-15 16:15:49,HTTP 404
173907885,2026-01-15 16:15:49,HTTP 404
163570490,2026-01-15 16:15:49,HTTP 404
178041627,2026-01-15 16:15:49,HTTP 404
178041921,2026-01-15 16:15:49,HTTP 404
177703218,2026-01-15 16:15:49,HTTP 404
178042439,2026-01-15 16:15:49,HTTP 404
177703021,2026-01-15 16:15:49,HTTP 404
87564818,2026-01-15 16:15:49,HTTP 404
163570579,2026-01-15 16:15:49,HTTP 404
177703463,2026-01-15 16:15:49,HTTP 404
163570578,2026-01-15 16:15:49,HTTP 404
178042430,2026-01-15 16:15:49,HTTP 404
163569552,2026-01-15 16:15:49,HTTP 404
176488082,2026-01-15 16:15:49,HTTP 404
177703051,2026-01-15 16:15:49,HTTP 404
178042489,2026-01-15 16:15:49,HTTP 404
177703395,2026-01-15 16:15:49,HTTP 404
178041869,2026-01-15 16:15:49,HTTP 404
163569558,2026-01-15 16:15:49,HTTP 404
163570657,2026-01-15 16:15:49,HTTP 404
21284912,2026-01-15 16:15:49,HTTP 404
177703256,2026-01-15 16:16:09,HTTP 404
164536069,2026-01-15 16:16:09,HTTP 404
178042482,2026-01-15 16:16:09,HTTP 404
177703093,2026-01-15 16:16:09,HTTP 404
177703356,2026-01-15 16:16:09,HTTP 404
178042194,2026-01-15 16:16:09,HTTP 404
14083682,2026-01-15 16:16:09,HTTP 404
178042421,2026-01-15 16:16:09,HTTP 404
163570467,2026-01-15 16:16:09,HTTP 404
163570619,2026-01-15 16:16:09,HTTP 404
177703412,2026-01-15 16:16:09,HTTP 404
157044996,2026-01-15 16:16:09,HTTP 404
144379811,2026-01-15 16:16:09,HTTP 404
184698105,2026-01-15 16:16:09,HTTP 404
215610698,2026-01-15 16:16:28,HTTP 404
177813776,2026-01-15 16:16:28,HTTP 404
139033619,2026-01-15 16:16:28,HTTP 404
71092007,2026-01-15 16:16:28,HTTP 404
180585865,2026-01-15 16:16:47,HTTP 404
178297848,2026-01-15 16:16:47,HTTP 404
180585063,2026-01-15 16:16:47,HTTP 404
178606776,2026-01-15 16:16:47,HTTP 404
180592620,2026-01-15 16:16:47,HTTP 404
191644802,2026-01-15 16:16:47,HTTP 404
187946670,2026-01-15 16:16:47,HTTP 404
119632922,2026-01-15 16:16:47,HTTP 404
204461354,2026-01-15 16:16:47,HTTP 404
191661830,2026-01-15 16:16:47,HTTP 404
191639964,2026-01-15 16:17:06,HTTP 404
178111489,2026-01-15 16:17:06,HTTP 404
191645707,2026-01-15 16:17:06,HTTP 404
136207280,2026-01-15 16:17:06,HTTP 404
191667443,2026-01-15 16:17:06,HTTP 404
191666854,2026-01-15 16:17:06,HTTP 404
191671325,2026-01-15 16:17:06,HTTP 404
71098845,2026-01-15 16:17:06,HTTP 404
91557209,2026-01-15 16:17:06,HTTP 404
127666938,2026-01-15 16:17:26,HTTP 404
190702979,2026-01-15 16:17:26,HTTP 404
242102470,2026-01-15 16:17:26,HTTP 404
103493423,2026-01-15 16:17:26,HTTP 404
174812529,2026-01-15 16:17:26,HTTP 404
158850013,2026-01-15 16:17:45,HTTP 404
125080377,2026-01-15 16:17:45,HTTP 404
168498260,2026-01-15 16:17:45,HTTP 404
254896486,2026-01-15 16:17:45,HTTP 404
253184152,2026-01-15 16:17:45,HTTP 404
155778757,2026-01-15 16:18:04,HTTP 404
153770931,2026-01-15 16:18:04,HTTP 404
254896992,2026-01-15 16:18:04,HTTP 404
254896847,2026-01-15 16:18:04,HTTP 404
254871792,2026-01-15 16:18:04,HTTP 404
254896832,2026-01-15 16:18:04,HTTP 404
254896507,2026-01-15 16:18:04,HTTP 404
254896768,2026-01-15 16:18:04,HTTP 404
254896890,2026-01-15 16:18:04,HTTP 404
254897050,2026-01-15 16:18:04,HTTP 404
254896809,2026-01-15 16:18:04,HTTP 404
79837380,2026-01-15 16:18:04,HTTP 404
254896904,2026-01-15 16:18:04,HTTP 404
144046174,2026-01-15 16:18:04,HTTP 404
254896526,2026-01-15 16:18:04,HTTP 404
254896794,2026-01-15 16:18:23,HTTP 404
190827173,2026-01-15 16:18:23,HTTP 404
254871760,2026-01-15 16:18:23,HTTP 404
174856983,2026-01-15 16:18:23,HTTP 404
115439226,2026-01-15 16:18:23,HTTP 404
254871744,2026-01-15 16:18:23,HTTP 404
13763748,2026-01-15 16:18:23,HTTP 404
36023947,2026-01-15 16:18:23,HTTP 404
59478772,2026-01-15 16:18:23,HTTP 404
94306870,2026-01-15 16:18:42,HTTP 404
172385942,2026-01-15 16:18:42,HTTP 404
250117849,2026-01-15 16:19:01,HTTP 404
250118468,2026-01-15 16:19:01,HTTP 404
259485900,2026-01-15 16:19:01,HTTP 404
263026809,2026-01-15 16:19:01,HTTP 404
199684298,2026-01-15 16:19:01,HTTP 404
202799211,2026-01-15 16:19:20,HTTP 404
171195830,2026-01-15 16:19:20,HTTP 404
202957681,2026-01-15 16:19:20,HTTP 404
35227126,2026-01-15 16:19:20,HTTP 404
202958321,2026-01-15 16:19:20,HTTP 404
251102827,2026-01-15 16:19:20,HTTP 404
80021389,2026-01-15 16:19:40,HTTP 404
164597662,2026-01-15 16:19:40,HTTP 404
173238278,2026-01-15 16:19:40,HTTP 404
87851756,2026-01-15 16:19:40,HTTP 404
161869519,2026-01-15 16:19:40,HTTP 404
173281156,2026-01-15 16:19:40,HTTP 404
247788699,2026-01-15 16:19:40,HTTP 404
247788323,2026-01-15 16:19:40,HTTP 404
178241369,2026-01-15 16:19:40,HTTP 404
161894761,2026-01-15 16:19:59,HTTP 404
207842318,2026-01-15 16:19:59,HTTP 404
173276282,2026-01-15 16:19:59,HTTP 404
182295826,2026-01-15 16:19:59,HTTP 404
204957876,2026-01-15 16:19:59,HTTP 404
247788420,2026-01-15 16:19:59,HTTP 404
253152844,2026-01-15 16:19:59,HTTP 404
173237581,2026-01-15 16:20:18,HTTP 404
207067802,2026-01-15 16:20:18,HTTP 404
144763130,2026-01-15 16:20:18,HTTP 404
161874320,2026-01-15 16:20:18,HTTP 404
63582317,2026-01-15 16:20:18,HTTP 404
206488185,2026-01-15 16:20:18,HTTP 404
221692672,2026-01-15 16:20:18,HTTP 404
109017703,2026-01-15 16:20:18,HTTP 404
166209439,2026-01-15 16:20:18,HTTP 404
172067531,2026-01-15 16:20:18,HTTP 404
9370172,2026-01-15 16:20:18,'NoneType' object is not iterable
263087695,2026-01-15 16:20:18,HTTP 404
166209502,2026-01-15 16:20:18,HTTP 404
221225764,2026-01-15 16:20:39,HTTP 404
63548262,2026-01-15 16:20:39,HTTP 404
166208944,2026-01-15 16:20:39,HTTP 404
87558397,2026-01-15 16:20:39,HTTP 404
63600586,2026-01-15 16:20:39,HTTP 404
113709695,2026-01-15 16:20:39,HTTP 404
63507919,2026-01-15 16:20:39,HTTP 404
113709643,2026-01-15 16:20:39,HTTP 404
63595377,2026-01-15 16:20:39,HTTP 404
113709617,2026-01-15 16:21:01,HTTP 404
113709632,2026-01-15 16:21:01,HTTP 404
250010817,2026-01-15 16:21:01,HTTP 404
63598759,2026-01-15 16:21:01,HTTP 404
131032040,2026-01-15 16:21:01,HTTP 404
174113468,2026-01-15 16:21:01,HTTP 404
210159582,2026-01-15 16:21:01,HTTP 404
207341537,2026-01-15 16:21:20,HTTP 404
205793001,2026-01-15 16:21:20,HTTP 404
205810478,2026-01-15 16:21:20,HTTP 404
146943752,2026-01-15 16:21:20,HTTP 404
110844982,2026-01-15 16:21:20,HTTP 404
217154739,2026-01-15 16:21:20,HTTP 404
249938743,2026-01-15 16:21:20,HTTP 404
201127232,2026-01-15 16:21:20,HTTP 404
120504058,2026-01-15 16:21:39,HTTP 404
251262713,2026-01-15 16:21:39,HTTP 404
21238735,2026-01-15 16:21:59,HTTP 404
150690972,2026-01-15 16:21:59,HTTP 404
157078646,2026-01-15 16:22:19,HTTP 404
106242035,2026-01-15 16:22:19,HTTP 404
72751811,2026-01-15 16:22:19,HTTP 404
13940547,2026-01-15 16:22:19,HTTP 404
6983151,2026-01-15 16:22:19,HTTP 404
180909581,2026-01-15 16:22:19,HTTP 404
115955729,2026-01-15 16:22:37,HTTP 404
127568219,2026-01-15 16:22:37,HTTP 404
36740931,2026-01-15 16:22:37,HTTP 404
12023133,2026-01-15 16:22:37,HTTP 404
87771852,2026-01-15 16:22:37,HTTP 404
176691784,2026-01-15 16:22:37,HTTP 404
166410179,2026-01-15 16:22:37,HTTP 404
126939650,2026-01-15 16:22:37,HTTP 404
157579074,2026-01-15 16:22:37,HTTP 404
34725666,2026-01-15 16:22:37,HTTP 404
187013271,2026-01-15 16:22:37,HTTP 404
34723602,2026-01-15 16:22:37,HTTP 404
128660837,2026-01-15 16:22:37,HTTP 404
197990453,2026-01-15 16:22:37,HTTP 404
16753510,2026-01-15 16:22:37,HTTP 404
45463834,2026-01-15 16:22:37,HTTP 404
12354438,2026-01-15 16:22:56,HTTP 404
57047291,2026-01-15 16:22:56,HTTP 404
33564005,2026-01-15 16:22:56,HTTP 404
25293276,2026-01-15 16:22:56,HTTP 404
83788044,2026-01-15 16:22:56,HTTP 404
179226601,2026-01-15 16:22:56,HTTP 404
70806893,2026-01-15 16:22:56,HTTP 404
70880515,2026-01-15 16:22:56,HTTP 404
36188812,2026-01-15 16:22:56,HTTP 404
46732905,2026-01-15 16:22:56,HTTP 404
44778879,2026-01-15 16:22:56,HTTP 404
75599498,2026-01-15 16:22:56,HTTP 404
12316293,2026-01-15 16:22:56,HTTP 404
137212335,2026-01-15 16:22:56,HTTP 404
71011303,2026-01-15 16:22:56,HTTP 404
87557001,2026-01-15 16:22:56,HTTP 404
83910574,2026-01-15 16:22:56,HTTP 404
84549047,2026-01-15 16:22:56,HTTP 404
106242472,2026-01-15 16:22:56,HTTP 404
153494723,2026-01-15 16:22:56,HTTP 404
10686361,2026-01-15 16:22:56,HTTP 404
92373271,2026-01-15 16:23:15,HTTP 404
83930047,2026-01-15 16:23:15,HTTP 404
137498308,2026-01-15 16:23:15,HTTP 404
12107818,2026-01-15 16:23:15,HTTP 404
170771185,2026-01-15 16:23:15,HTTP 404
46655824,2026-01-15 16:23:15,HTTP 404
89134965,2026-01-15 16:23:35,HTTP 404
187598558,2026-01-15 16:23:35,HTTP 404
91855191,2026-01-15 16:23:35,HTTP 404
121210006,2026-01-15 16:23:54,HTTP 404
182969540,2026-01-15 16:23:54,HTTP 404
91855131,2026-01-15 16:23:54,HTTP 404
117807607,2026-01-15 16:23:54,HTTP 404
99492902,2026-01-15 16:23:54,HTTP 404
184760231,2026-01-15 16:23:54,HTTP 404
14054194,2026-01-15 16:24:14,HTTP 404
208120165,2026-01-15 16:24:14,HTTP 404
19562427,2026-01-15 16:24:14,HTTP 404
87851737,2026-01-15 16:24:14,HTTP 404
10170131,2026-01-15 16:24:14,HTTP 404
68062709,2026-01-15 16:24:14,HTTP 404
130423003,2026-01-15 16:24:14,HTTP 404
41321260,2026-01-15 16:24:14,HTTP 404
9969307,2026-01-15 16:24:14,HTTP 404
110798420,2026-01-15 16:24:14,HTTP 404
263100343,2026-01-15 16:24:14,HTTP 404
263100423,2026-01-15 16:24:14,HTTP 404
247788646,2026-01-15 16:24:14,HTTP 404
82503210,2026-01-15 16:24:14,HTTP 404
82503197,2026-01-15 16:24:33,HTTP 404
87851730,2026-01-15 16:24:33,HTTP 404
87851659,2026-01-15 16:24:53,HTTP 404
42212750,2026-01-15 16:24:53,HTTP 404
204658871,2026-01-15 16:24:53,HTTP 404
13635619,2026-01-15 16:24:53,HTTP 404
10102128,2026-01-15 16:24:53,HTTP 404
193549343,2026-01-15 16:24:53,HTTP 404
7253439,2026-01-15 16:24:53,HTTP 404
120431463,2026-01-15 16:25:13,HTTP 404
119925924,2026-01-15 16:25:13,HTTP 404
119926173,2026-01-15 16:25:13,HTTP 404
127666073,2026-01-15 16:25:13,HTTP 404
81992106,2026-01-15 16:25:13,HTTP 404
102638291,2026-01-15 16:25:13,HTTP 404
14054194,2026-01-15 16:41:40,HTTP 404
208120165,2026-01-15 16:41:40,HTTP 404
19562427,2026-01-15 16:41:40,HTTP 404
87851737,2026-01-15 16:41:40,HTTP 404
10170131,2026-01-15 16:41:40,HTTP 404
68062709,2026-01-15 16:41:40,HTTP 404
130423003,2026-01-15 16:41:40,HTTP 404
41321260,2026-01-15 16:41:40,HTTP 404
9969307,2026-01-15 16:41:40,HTTP 404
110798420,2026-01-15 16:41:40,HTTP 404
263100343,2026-01-15 16:41:40,HTTP 404
263100423,2026-01-15 16:41:40,HTTP 404
247788646,2026-01-15 16:41:40,HTTP 404
82503210,2026-01-15 16:41:40,HTTP 404
82503197,2026-01-15 16:41:59,HTTP 404
87851730,2026-01-15 16:41:59,HTTP 404
87851659,2026-01-15 16:42:19,HTTP 404
42212750,2026-01-15 16:42:19,HTTP 404
204658871,2026-01-15 16:42:19,HTTP 404
13635619,2026-01-15 16:42:19,HTTP 404
10102128,2026-01-15 16:42:19,HTTP 404
193549343,2026-01-15 16:42:19,HTTP 404
7253439,2026-01-15 16:42:19,HTTP 404
120431463,2026-01-15 16:42:38,HTTP 404
119925924,2026-01-15 16:42:38,HTTP 404
119926173,2026-01-15 16:42:38,HTTP 404
127666073,2026-01-15 16:42:38,HTTP 404
81992106,2026-01-15 16:42:38,HTTP 404
102638291,2026-01-15 16:42:38,HTTP 404
